CustomerID,CallDurationMinutes,DataUsageGB,SubscriptionPlan,IsBillingAnomaly
Cust_1,4.287484026284599,5.228122373253358,Premium,0
Cust_2,29.35481581876615,8.223839759436125,Standard,0
Cust_3,11.37174692321759,8.653937533062201,Standard,0
Cust_4,23.171835748324106,8.70662902045828,Standard,0
Cust_5,31.772838001614634,3.0064218423889617,Basic,0
Cust_6,40.97216044502357,2.5391753828915196,Premium,0
Cust_7,38.65617993096146,0.9881417708983324,Premium,1
Cust_8,28.76688687258596,1.8392368882680645,Basic,0
Cust_9,32.090586205862145,3.1850349179388457,Premium,0
Cust_10,7.493495123617941,9.704286179133529,Standard,0
Cust_11,23.34350256949774,3.358101371879266,Premium,0
Cust_12,8.554976831630412,4.24753203094069,Premium,0
Cust_13,56.18662003455134,8.097579007130562,Standard,1
Cust_14,52.224080052052614,0.7133157783743477,Premium,0
Cust_15,43.87111083078368,7.715009339836146,Premium,1
Cust_16,33.96061568590417,1.4081090509027911,Premium,0
Cust_17,2.6774008691916795,1.2604296711787764,Basic,0
Cust_18,29.472720913789257,3.767894550784168,Premium,0
Cust_19,24.072702966485174,2.8320481122016923,Premium,0
Cust_20,40.95387212789392,5.086082411739417,Standard,0
Cust_21,42.2934433933213,2.5429021219938974,Premium,0
Cust_22,38.96197606489598,3.1336917735461665,Standard,0
Cust_23,47.24885914683879,8.693651789294956,Premium,0
Cust_24,8.331739138777017,2.1846349007426973,Premium,0
Cust_25,58.42679974491396,7.445386213493481,Basic,0
Cust_26,35.827147307155855,0.7545429082554078,Basic,0
Cust_27,2.9476974796962674,0.32779675070522063,Standard,0
Cust_28,2.0523179577098283,2.3490508926612628,Basic,0
Cust_29,48.81685674126235,9.234632787204301,Premium,1
Cust_30,52.42018970844732,1.688623532637404,Standard,0
Cust_31,18.15450771735527,3.751464641688872,Basic,0
Cust_32,16.341542518775626,3.3390281642341457,Standard,0
Cust_33,57.387570046727554,8.69377280694738,Basic,0
Cust_34,52.03209183564105,8.260459620247898,Basic,1
Cust_35,32.93152128764602,4.550150825318057,Premium,0
Cust_36,14.344153393544428,2.348459960975212,Standard,0
Cust_37,16.23213125918551,4.435416025277945,Standard,0
Cust_38,11.796182037145766,3.957875666884173,Premium,0
Cust_39,23.999960456418087,5.005834466811875,Standard,0
Cust_40,10.280157299982184,6.02770807731253,Basic,0
Cust_41,8.570180828400009,3.892504756269246,Premium,1
Cust_42,10.952678008066549,2.62946366147057,Premium,0
Cust_43,12.676654078229017,1.8314167090301112,Standard,0
Cust_44,46.80686317410791,8.281703537060787,Premium,0
Cust_45,4.544398976371902,3.822888435272976,Premium,1
Cust_46,55.42084019065274,1.573583456547147,Standard,0
Cust_47,40.47689105506002,9.662580490736094,Premium,0
Cust_48,21.29162614125012,9.649206595457477,Basic,0
Cust_49,47.94743724251768,3.7734990024568416,Standard,0
Cust_50,16.512812240284166,2.4184696433711173,Standard,0
Cust_51,10.063892044702294,0.731758124014037,Basic,0
Cust_52,37.51197386945147,2.390992050608458,Standard,0
Cust_53,32.202125637181226,8.207200199035512,Basic,0
Cust_54,59.612363202023985,7.336975235687777,Basic,0
Cust_55,19.041891228650144,1.7191232005018426,Premium,0
Cust_56,36.799812574314025,0.17131886519285194,Basic,0
Cust_57,11.025886519476957,2.2364003786000373,Basic,0
Cust_58,44.722214182432985,4.465444601899817,Standard,0
Cust_59,2.428192395887628,6.657670081971322,Standard,0
Cust_60,44.67766593708621,5.842804865983479,Standard,0
Cust_61,9.27249722231308,1.035803575575009,Basic,1
Cust_62,28.022472185034854,6.092235098469127,Premium,0
Cust_63,53.96174912251558,8.071401376113466,Premium,0
Cust_64,26.45969760682331,1.4341261385449213,Standard,0
Cust_65,9.76074438168833,5.143393423503783,Standard,0
Cust_66,23.905409936130905,5.247950620811338,Premium,0
Cust_67,9.145307738215395,5.728776226759493,Standard,0
Cust_68,52.76966012375137,1.6524350963062484,Premium,0
Cust_69,53.37425449699376,4.313270949723067,Basic,0
Cust_70,48.20204903619168,0.4466041422048125,Basic,0
Cust_71,1.6615943135269786,6.8357870519570865,Standard,0
Cust_72,2.1772261923065055,5.015140476575089,Standard,0
Cust_73,18.631859668003422,8.44092806064394,Standard,0
Cust_74,45.61562819675471,7.932133666260434,Premium,0
Cust_75,44.46566333431841,9.017207265338554,Standard,0
Cust_76,31.2390454239759,2.400604175915672,Basic,0
Cust_77,30.073351540526254,3.3936149993911533,Premium,0
Cust_78,4.279099357139475,0.4762054786967467,Premium,0
Cust_79,6.635465687770648,0.21480443433167803,Premium,0
Cust_80,46.530627454745684,5.943407476322599,Premium,0
Cust_81,48.835615263549066,8.564135620750665,Basic,0
Cust_82,22.422993256631564,5.051851739098908,Premium,0
Cust_83,16.89172890288227,4.889235379015798,Basic,0
Cust_84,36.50813659297108,5.063523429915265,Standard,0
Cust_85,44.514141555981126,7.983292746335347,Standard,0
Cust_86,44.533469868449224,7.483173801213142,Premium,0
Cust_87,25.044097282513047,4.933281831673955,Standard,0
Cust_88,40.91383546034534,5.0504672166560045,Basic,0
Cust_89,54.52524053941762,2.1229555892426135,Basic,1
Cust_90,22.162374628886255,9.171612511405247,Standard,0
Cust_91,9.806681635384365,1.9826350622434332,Premium,0
Cust_92,11.485184425378387,7.305573593436588,Standard,0
Cust_93,33.545582251801406,3.833870164177746,Standard,0
Cust_94,46.87567992356267,3.2659037203196215,Standard,0
Cust_95,17.86250338337482,8.68624665503411,Basic,0
Cust_96,20.401405933747917,2.4041565657084036,Standard,0
Cust_97,37.267436051942965,5.381479124044613,Premium,0
Cust_98,29.16237008465912,7.394871286876967,Standard,0
Cust_99,26.43359076160536,4.141794673481813,Basic,0
Cust_100,16.642679279139465,4.3415326910636285,Premium,0
Cust_101,17.31112410817101,9.457152729707433,Basic,0
Cust_102,36.6923745583137,3.5769004887592417,Standard,0
Cust_103,57.44509919941026,9.981583237239171,Basic,0
Cust_104,12.819555915770014,3.5344427964485523,Standard,0
Cust_105,49.424344086076815,8.981553596981149,Basic,0
Cust_106,9.320749288923073,3.1825074032387923,Basic,0
Cust_107,58.1547022672133,0.5275662583047414,Standard,0
Cust_108,33.54160109534782,7.86101194547334,Basic,0
Cust_109,50.08593082124606,3.8353769685230064,Basic,0
Cust_110,47.66987344988372,7.433435572938999,Basic,0
Cust_111,38.43339437895745,2.7674442345187704,Premium,0
Cust_112,30.08054345570252,4.638288291107005,Standard,0
Cust_113,6.359886899902219,2.815972716451376,Standard,0
Cust_114,58.115888247712164,3.042294950785559,Basic,0
Cust_115,37.553795790784875,6.539634184296413,Standard,0
Cust_116,58.93540632202262,9.30641483773515,Premium,0
Cust_117,11.517725265423598,4.4325086179889785,Basic,0
Cust_118,29.531487803396406,4.372728828726789,Premium,0
Cust_119,8.002660009109112,2.367963993760822,Premium,0
Cust_120,10.257815189379958,1.4435825621738738,Premium,0
Cust_121,27.256664979194625,8.422841746355862,Basic,0
Cust_122,16.5666043369051,0.5570099317369398,Basic,0
Cust_123,1.808047097099628,7.613129044094992,Basic,0
Cust_124,16.578531402554873,4.383423329754169,Premium,0
Cust_125,1.0075472183948004,2.493760389872427,Premium,0
Cust_126,4.283917223658935,2.3225177874320386,Basic,0
Cust_127,41.38027884802151,6.949931823652927,Standard,0
Cust_128,55.280815737127305,3.975936711357605,Standard,0
Cust_129,18.038619590254918,3.317240410359481,Standard,0
Cust_130,8.286978306424782,7.95076462293442,Standard,0
Cust_131,39.87233861152776,4.250428459271645,Basic,0
Cust_132,37.98308463872975,0.6147597718048328,Standard,0
Cust_133,14.494102783616723,5.4697589317118505,Standard,0
Cust_134,19.365871190575387,3.9691393117855926,Basic,0
Cust_135,26.30121780965684,2.093975284200981,Standard,0
Cust_136,11.786282349419455,4.524593125434161,Basic,0
Cust_137,5.432384537420629,2.0962214953789995,Premium,0
Cust_138,55.56904381716638,1.888413368282842,Standard,0
Cust_139,22.315676439131447,8.222293030541932,Premium,0
Cust_140,30.95412624050306,3.927985459648692,Standard,0
Cust_141,24.759557237316635,3.3772166210354997,Standard,0
Cust_142,51.49105485632922,7.622295185090145,Premium,0
Cust_143,45.66835804552815,7.483375432940214,Premium,0
Cust_144,48.62472134895328,7.315504829958708,Standard,0
Cust_145,6.5722292435381675,4.082847945115267,Basic,1
Cust_146,48.86338277760401,2.343144529399817,Standard,0
Cust_147,54.39618814525213,8.318203525989455,Basic,0
Cust_148,16.999611824525047,2.573911252853551,Basic,0
Cust_149,35.43603641991296,0.8531857324549756,Premium,0
Cust_150,22.17665967337281,4.463140282397504,Standard,0
Cust_151,12.430359014473616,0.9178012725823617,Standard,0
Cust_152,46.68121801838612,0.5111510641461354,Premium,0
Cust_153,40.62316715689482,5.561698904820122,Premium,0
Cust_154,28.202810530050833,2.6875804887249832,Premium,0
Cust_155,58.600244564900585,5.3484831259206125,Standard,0
Cust_156,31.57950081540945,7.824609987713628,Basic,0
Cust_157,22.62831711984165,3.3844692125513145,Premium,0
Cust_158,20.207144901415507,3.881607522157495,Premium,0
Cust_159,32.52462785788119,7.108914593150119,Standard,1
Cust_160,12.281359073020756,6.781133851862365,Basic,0
Cust_161,20.31847851040952,7.277849989608778,Basic,0
Cust_162,51.56558820974084,0.23905777220414776,Basic,0
Cust_163,41.89253281693651,4.100172992318715,Standard,0
Cust_164,39.29155504242672,7.6059396073229655,Basic,0
Cust_165,48.073744224213996,9.30916704229245,Standard,0
Cust_166,52.05317280104771,7.966208381025721,Premium,0
Cust_167,1.5812999711668132,7.805339140746176,Premium,0
Cust_168,16.929490143204962,6.641408331836399,Standard,0
Cust_169,55.17676576024372,2.7457966477602933,Basic,0
Cust_170,1.0664000014508863,9.044001535468208,Basic,0
Cust_171,44.23607855386537,2.9749960060110627,Premium,0
Cust_172,48.182434253875954,2.921645937352071,Standard,0
Cust_173,31.248432767732226,3.9222312663749173,Basic,0
Cust_174,14.641787017649142,7.868924292579784,Standard,0
Cust_175,47.07507530802488,9.850383903651325,Premium,0
Cust_176,11.6145622717673,7.37523437374092,Premium,0
Cust_177,54.857737148434346,3.969760096443247,Basic,0
Cust_178,48.22699906222784,4.513196076932935,Standard,0
Cust_179,45.971652800987016,7.46421877515453,Basic,0
Cust_180,51.709608418180146,4.666237963630375,Premium,0
Cust_181,5.469718924652086,2.9808553564354376,Basic,0
Cust_182,6.758887471287948,0.7466374323267698,Standard,0
Cust_183,9.075390811444542,2.7178444031998366,Standard,0
Cust_184,45.90560930011232,5.239827725259173,Premium,0
Cust_185,52.584464996257765,8.693107578512054,Standard,0
Cust_186,46.25592331179809,4.184060615569845,Basic,0
Cust_187,17.39659297499226,1.0399497770507853,Standard,0
Cust_188,40.79068168606834,8.490945746476209,Standard,0
Cust_189,11.263371659708385,1.2665517978259078,Premium,0
Cust_190,33.1547389774315,3.85510673825942,Premium,0
Cust_191,51.16040103384417,3.686987365952618,Premium,1
Cust_192,57.13003480839435,7.62184365246984,Standard,0
Cust_193,8.605606144830544,6.017600122741673,Basic,0
Cust_194,42.69575589801654,9.453969491190952,Premium,0
Cust_195,41.16702197349168,0.5323175832926743,Basic,0
Cust_196,6.439461141695048,2.688662527613926,Standard,1
Cust_197,20.19155361723453,6.827500029928938,Premium,1
Cust_198,1.7927044302086375,9.027516906851083,Standard,0
Cust_199,25.86090885750574,3.496220351077421,Premium,0
Cust_200,27.42785473119238,6.821065968807766,Basic,0
Cust_201,29.935618974688317,2.6286879982687648,Premium,0
Cust_202,2.699525941549489,9.953881359489321,Standard,0
Cust_203,37.18200439989351,0.6472101844827743,Premium,0
Cust_204,35.65512195341124,7.668482917723197,Premium,0
Cust_205,5.690104762635246,5.730890454627817,Standard,0
Cust_206,47.11093478997134,8.650594889650138,Standard,0
Cust_207,9.2531695715131,2.3523242733353467,Standard,0
Cust_208,50.101745011236694,5.766260695629346,Basic,1
Cust_209,17.694717648350284,2.5067407693297716,Basic,0
Cust_210,33.59556259366418,4.179621402617863,Premium,0
Cust_211,12.041266742674653,2.402854493750425,Standard,0
Cust_212,30.501644156088496,3.890201029901957,Premium,0
Cust_213,23.837735591206673,8.64886160671441,Basic,0
Cust_214,7.430112494752197,4.782240078434574,Standard,1
Cust_215,4.707882481443946,5.4584151788683775,Standard,0
Cust_216,9.441790995067942,2.0567674871436976,Basic,0
Cust_217,55.02096440267718,9.680999553208334,Premium,0
Cust_218,14.255950182666858,1.7611091494529318,Premium,0
Cust_219,14.641330467325524,2.0822157808194457,Basic,0
Cust_220,23.537574062369902,0.5375635423097175,Standard,0
Cust_221,2.5634140762477884,9.697942719425745,Basic,0
Cust_222,49.23740564732758,7.4156376369020505,Basic,0
Cust_223,22.111900100076003,8.190766829577573,Standard,0
Cust_224,54.00815045283921,7.934652859832616,Standard,0
Cust_225,16.578911746805176,3.244474968710147,Premium,0
Cust_226,24.928928646095656,6.43547226266743,Basic,0
Cust_227,35.435492021807434,0.7252198853671105,Standard,0
Cust_228,43.62414063933033,6.004703099786915,Premium,0
Cust_229,39.17140435311445,4.173356756967447,Basic,0
Cust_230,44.88211134437746,0.8061907555009872,Premium,0
Cust_231,57.68583098362747,0.744148884989691,Basic,0
Cust_232,3.0436540870848887,1.0839658726066188,Premium,0
Cust_233,50.16360651220364,4.269989075696817,Standard,0
Cust_234,14.419039790369135,0.21824232791705067,Basic,0
Cust_235,8.011341180647984,9.812969711159614,Basic,0
Cust_236,14.063075385232478,8.245419444671093,Premium,0
Cust_237,10.765027903121789,0.4758327240156863,Standard,0
Cust_238,42.56139632590014,1.3510235579823988,Basic,0
Cust_239,46.043038946978314,3.0014000417029103,Premium,0
Cust_240,27.70185977941167,3.4979668204935956,Basic,0
Cust_241,32.69950604249243,2.5994010740245117,Basic,0
Cust_242,57.84013136739276,2.6087754905961242,Standard,1
Cust_243,40.1931578865675,8.132539908194232,Basic,0
Cust_244,11.790786542572723,6.795604140288138,Standard,0
Cust_245,28.052339912047408,3.168298010584272,Basic,1
Cust_246,22.696996209874936,2.8533521754514917,Basic,0
Cust_247,47.47129649780995,9.82370399281448,Standard,0
Cust_248,4.32004315349423,9.727415949057107,Premium,0
Cust_249,39.512404399065865,5.851198248879964,Basic,1
Cust_250,50.01190716456992,4.859378676802908,Premium,0
Cust_251,27.847114970427572,6.244523484818268,Standard,0
Cust_252,26.045122969442833,8.620247762718371,Premium,0
Cust_253,34.802869284534765,3.953490008469538,Basic,0
Cust_254,13.80091120690944,4.549998889005132,Standard,1
Cust_255,10.956155579226357,6.478585810563065,Basic,0
Cust_256,56.373450564754265,9.052072606238362,Premium,0
Cust_257,43.20918816983525,9.21267618413722,Standard,0
Cust_258,17.965513391399224,1.5704335588042746,Premium,1
Cust_259,29.284555433030803,7.516459116464106,Basic,0
Cust_260,15.668404875479776,5.163430928841299,Standard,0
Cust_261,12.996808325673955,2.3811176856344276,Premium,0
Cust_262,42.20215298375646,3.0582504387813,Basic,1
Cust_263,25.79990124042851,1.273782413274659,Premium,0
Cust_264,23.769409869002207,8.985439146244294,Basic,1
Cust_265,21.07194880536127,8.442989616936217,Premium,1
Cust_266,41.801265054281814,9.45460274943916,Basic,0
Cust_267,28.5004437732715,1.394904851478973,Premium,0
Cust_268,43.49418160902462,5.5187940926674495,Premium,0
Cust_269,27.90245695668974,9.91710753526709,Premium,0
Cust_270,43.306440726834126,6.491456731957388,Standard,0
Cust_271,27.795805767144948,4.5439157364298195,Standard,0
Cust_272,15.224028032751212,1.1900920685541476,Standard,0
Cust_273,44.377581708271904,3.5027046407702715,Basic,0
Cust_274,18.58980075641589,0.5281584378801096,Premium,0
Cust_275,46.56887751771061,4.429711672184659,Standard,0
Cust_276,1.4086458069042815,1.863453286349205,Standard,0
Cust_277,46.57709173105262,4.631250408325346,Premium,0
Cust_278,35.0727670917153,3.5771301939527778,Premium,0
Cust_279,17.334864361802474,9.572972683149416,Standard,1
Cust_280,36.98118706227032,8.939534334664515,Basic,1
Cust_281,25.235734866417893,1.2636742754462413,Basic,0
Cust_282,12.321506383035514,4.8504427185274315,Premium,0
Cust_283,30.310592880798524,1.3456335244942204,Basic,0
Cust_284,26.268108524732284,7.18790005422052,Basic,0
Cust_285,17.998813400714806,0.1528437288472704,Premium,0
Cust_286,19.737054378307565,3.974333517894544,Standard,0
Cust_287,50.32157507127549,2.905395440565301,Premium,0
Cust_288,37.843423969581,5.2889446693630315,Standard,0
Cust_289,22.787482039664,8.110464389759324,Basic,0
Cust_290,30.716914615742724,4.256547899425932,Basic,0
Cust_291,10.343904526596791,2.3928950619176113,Basic,0
Cust_292,50.916747012297,2.627928914379083,Premium,0
Cust_293,14.56487484359718,6.971932171944276,Basic,0
Cust_294,44.90731668587338,2.0742741227545527,Basic,0
Cust_295,32.93408381755957,4.189249498152796,Standard,0
Cust_296,28.816685350098886,2.5299167375282563,Premium,0
Cust_297,25.77405529586777,8.394638278775014,Premium,0
Cust_298,21.914364137172626,4.774029407119262,Premium,0
Cust_299,53.73042731407215,1.824973604831841,Basic,0
Cust_300,58.361195767491246,9.410953339126767,Premium,0
Cust_301,51.53587443545095,3.8315519967415486,Premium,0
Cust_302,28.854520626371947,9.731745131637815,Basic,1
Cust_303,23.7262477744989,0.19419769133444448,Premium,0
Cust_304,13.824970545519093,7.803277023611636,Standard,0
Cust_305,28.767967568342982,9.433011766286143,Standard,0
Cust_306,33.07202774568361,4.315162515691783,Basic,0
Cust_307,27.99257947918442,8.553086627868169,Standard,0
Cust_308,2.407271968502107,0.7726424564397615,Standard,0
Cust_309,26.142573632969455,1.7183982845185681,Standard,0
Cust_310,22.16081046278894,9.803696038482698,Premium,0
Cust_311,1.9426405910154894,7.26770723680924,Basic,0
Cust_312,5.323757633903141,1.3366168622993677,Premium,0
Cust_313,33.87901847099289,8.228317369852567,Basic,0
Cust_314,19.71175738138401,2.880734043795861,Premium,0
Cust_315,21.373439738118357,4.492315766547166,Standard,1
Cust_316,40.05547214844734,2.3813883121223656,Premium,0
Cust_317,41.69748227990204,9.892315416559436,Basic,0
Cust_318,23.76393536929909,3.3523098755687646,Standard,1
Cust_319,38.29401284572292,5.388600053324904,Standard,0
Cust_320,16.845104857615105,5.520380349738558,Standard,0
Cust_321,1.9919933477215637,7.445886549039456,Basic,0
Cust_322,6.139656449450273,5.371768230092371,Standard,0
Cust_323,42.39864170589402,8.702419175536717,Premium,0
Cust_324,29.51326789336083,3.033074119834056,Standard,0
Cust_325,46.712837433977235,6.978536664339935,Premium,0
Cust_326,3.4629917926230123,9.157246172676006,Basic,0
Cust_327,18.29906189330177,0.6839284581739298,Premium,0
Cust_328,35.289537370414564,2.688022428057761,Standard,0
Cust_329,13.630234734048093,1.9551599370452166,Premium,1
Cust_330,9.058470869989405,8.918347034019071,Basic,0
Cust_331,37.37572465752442,0.22494986542844675,Premium,0
Cust_332,13.547762199405788,6.401325189354102,Basic,0
Cust_333,11.552667878337138,8.640200694544093,Basic,0
Cust_334,21.321993697741235,9.045030088368252,Premium,0
Cust_335,55.757057870823445,5.960874270659269,Standard,0
Cust_336,52.70478430144411,0.2637437171714686,Premium,0
Cust_337,19.171772143047626,4.270924546535493,Basic,0
Cust_338,18.41940243691029,4.299217834435543,Premium,0
Cust_339,13.307829135961942,9.588400062359495,Basic,0
Cust_340,25.859100121353734,7.725657090128593,Premium,0
Cust_341,13.27985205640529,1.497863568296392,Standard,0
Cust_342,57.695010933111746,7.983367089184064,Basic,0
Cust_343,40.64079460637595,5.207172145477885,Standard,0
Cust_344,7.565678737706383,2.2678024339898974,Premium,0
Cust_345,47.06590746402025,9.540427474310736,Basic,1
Cust_346,50.363763812773314,5.867320637818383,Basic,0
Cust_347,38.3544740426137,7.460901605374723,Basic,0
Cust_348,33.2847654752077,6.3520879881814585,Premium,0
Cust_349,27.98732265648192,1.7888408332011623,Premium,0
Cust_350,25.73013042589795,2.9531867596745593,Standard,0
Cust_351,55.02934027246551,3.7331173869907297,Standard,0
Cust_352,57.226517492106424,8.308648100836582,Premium,0
Cust_353,58.21764679159586,5.278784694635719,Premium,0
Cust_354,9.049050542472955,7.522396415387127,Standard,0
Cust_355,35.191989606388375,6.9937542292532875,Basic,0
Cust_356,45.33437864675499,5.920136706942854,Standard,0
Cust_357,28.82835308020965,0.4063741709420673,Standard,0
Cust_358,16.1776508478061,9.699502476817438,Premium,1
Cust_359,54.208809365133305,1.9110008450260956,Basic,0
Cust_360,51.80790839804137,4.383376534159622,Basic,0
Cust_361,5.533518879735482,0.35109629003514475,Basic,0
Cust_362,59.46879612756619,4.228820542028519,Basic,0
Cust_363,2.1159624818355645,3.965506708485009,Premium,0
Cust_364,33.76623700632004,1.6972735747976546,Basic,0
Cust_365,59.88808300473525,7.537372095718945,Premium,1
Cust_366,9.129997690549352,6.768228606425944,Standard,0
Cust_367,4.4793251139911945,2.3736009003711724,Basic,0
Cust_368,25.504900246706313,8.770925191141696,Basic,0
Cust_369,14.093728240884372,3.26395956958763,Standard,0
Cust_370,36.56389099471003,8.688461778110312,Standard,0
Cust_371,31.173070067064316,3.7850366536096454,Standard,0
Cust_372,5.972659632796711,3.0793520247815636,Standard,1
Cust_373,26.105752205923597,5.735315259057379,Premium,0
Cust_374,38.60192572943134,0.12500594657799483,Basic,0
Cust_375,57.05443478986597,5.296833833073197,Premium,1
Cust_376,53.67680552339339,9.988906898164778,Premium,1
Cust_377,46.01735121566022,0.19853021875047355,Premium,0
Cust_378,45.746067450103375,5.462459895482623,Standard,0
Cust_379,14.20158548719228,2.682011715312277,Premium,0
Cust_380,22.66433346227812,3.796249729766065,Basic,1
Cust_381,51.455095940906055,2.085708716275741,Standard,1
Cust_382,16.97334836132644,8.611899747317489,Basic,0
Cust_383,57.23746917193738,2.942957001185999,Basic,0
Cust_384,46.1014832645373,2.7798593200850346,Basic,0
Cust_385,24.906547976805513,5.77076587401312,Basic,0
Cust_386,42.130853907346264,5.302964280379332,Basic,0
Cust_387,53.278582591741404,3.525134101589678,Premium,0
Cust_388,6.919834573098959,2.815263481796586,Standard,0
Cust_389,45.77167187038134,1.4380387150882774,Premium,0
Cust_390,12.323588265150532,2.6576187488125167,Standard,0
Cust_391,41.67676909733723,9.342963504267338,Basic,0
Cust_392,47.10356064998243,3.387550758674697,Standard,0
Cust_393,19.153360758169786,7.878456821983972,Standard,0
Cust_394,10.853238889942247,2.009073164601021,Premium,0
Cust_395,56.74237769237941,5.808000542932566,Basic,0
Cust_396,2.3908357129472333,2.386752902703828,Standard,0
Cust_397,41.666098670767724,3.5664066719106686,Premium,0
Cust_398,10.602067320602142,7.586480176393434,Basic,0
Cust_399,12.838735685383757,0.8534298846001059,Basic,0
Cust_400,28.03261596066534,6.151753858978193,Premium,0
Cust_401,3.805259803923592,8.167151821862532,Premium,0
Cust_402,6.091738010769556,9.21789999367466,Standard,0
Cust_403,44.03166971368471,8.437079363980073,Basic,0
Cust_404,15.219973605120547,9.793352794402077,Basic,0
Cust_405,49.75802969677368,2.7283299196578428,Basic,0
Cust_406,28.313991128842588,9.887152429293554,Basic,0
Cust_407,15.891252929266853,2.4144087393372704,Premium,0
Cust_408,36.80579704599547,9.911540296375447,Premium,0
Cust_409,15.830939817932403,5.487430587232283,Basic,0
Cust_410,22.29922033976433,8.85761087556893,Basic,0
Cust_411,6.397056707934124,8.184877814652697,Basic,0
Cust_412,29.586856886543952,1.9213866609134658,Standard,0
Cust_413,2.5493139120125967,2.997206777065619,Basic,0
Cust_414,10.811037709001557,7.636191609542533,Basic,0
Cust_415,30.648225083598263,5.086493663054624,Premium,0
Cust_416,31.15896949677167,5.976705231565986,Premium,0
Cust_417,21.09102469911248,5.1681536402977315,Premium,0
Cust_418,29.546082410756718,4.818464730889382,Premium,0
Cust_419,18.290997821212613,9.510659695903811,Basic,0
Cust_420,42.584056893669846,5.500193905419005,Basic,0
Cust_421,35.29419774314889,2.678746146343318,Premium,0
Cust_422,23.174882602434053,9.76984739771584,Basic,0
Cust_423,24.966951834354475,2.2859938372634456,Premium,0
Cust_424,35.38279112680596,8.603642673764117,Standard,1
Cust_425,50.60171133798432,8.605214424177765,Standard,0
Cust_426,38.80251469021986,9.896191076311542,Premium,0
Cust_427,42.0537127104808,5.311170114760122,Premium,0
Cust_428,1.217438151033495,6.510890325685496,Premium,0
Cust_429,3.6228642525422683,4.34193574177949,Premium,0
Cust_430,52.68744406938638,6.39879668734734,Standard,0
Cust_431,52.82557768341495,4.899500709472404,Standard,0
Cust_432,12.6361930538918,2.693355457104946,Standard,0
Cust_433,41.72159341358086,7.839725968381807,Standard,0
Cust_434,22.231386380005674,9.649366787050694,Basic,0
Cust_435,2.730979206479798,8.976603844474383,Standard,0
Cust_436,41.3776305735341,1.5975036267922818,Basic,0
Cust_437,49.35310226289292,5.6776168886647795,Standard,1
Cust_438,20.385154899423828,9.100049531836627,Standard,0
Cust_439,51.301356524182374,9.87534665886846,Basic,0
Cust_440,11.265858769794745,6.413188162928042,Premium,0
Cust_441,37.543602567125326,2.6585060607580195,Standard,1
Cust_442,16.0664481827458,1.414908870970058,Basic,0
Cust_443,20.431270348545073,4.527364036354435,Premium,0
Cust_444,5.266143663119821,0.10349410248180196,Standard,0
Cust_445,1.2159660989909153,1.4662287979234299,Basic,0
Cust_446,44.06993777395652,7.783252605041153,Premium,0
Cust_447,57.75712320122052,2.745612283784553,Standard,0
Cust_448,7.0184237539627805,5.086341218207807,Premium,0
Cust_449,22.187730547582973,0.8207583183628608,Basic,0
Cust_450,14.332727371944708,4.430227155836479,Premium,0
Cust_451,40.85802606482823,5.645895143278783,Premium,0
Cust_452,40.8265315391033,1.7424695823687493,Premium,0
Cust_453,49.27475769682699,2.9933228996963406,Basic,0
Cust_454,29.724390195202165,8.606543043639492,Premium,1
Cust_455,17.25863672142415,5.831519085741911,Standard,0
Cust_456,50.67695060849496,7.545260499784806,Premium,0
Cust_457,4.085563860817056,2.523528624538637,Basic,0
Cust_458,46.90375753944232,6.8227487777019435,Standard,1
Cust_459,40.88924883781066,7.586189421272714,Standard,0
Cust_460,17.67721887541178,5.938125477593192,Premium,0
Cust_461,8.75469073588937,1.8485380572069545,Basic,0
Cust_462,45.22851888332938,2.508152663347536,Premium,0
Cust_463,5.243090228767069,4.365191698997422,Standard,0
Cust_464,27.55258165608822,4.367837141094909,Basic,0
Cust_465,59.66420353219901,4.764287747570957,Standard,0
Cust_466,40.1245011458635,0.3444758439283937,Premium,1
Cust_467,15.152369917414223,4.126383095550843,Premium,0
Cust_468,11.927972151630986,6.059034301157988,Premium,0
Cust_469,46.675415692545954,2.9584067014367665,Basic,0
Cust_470,48.9186361001191,8.629921467870203,Standard,0
Cust_471,9.735474409781272,3.24939639487293,Premium,0
Cust_472,28.821161860803038,5.582370502125808,Basic,0
Cust_473,26.992952404204818,6.759797311019128,Standard,0
Cust_474,22.58153445114439,4.68500325441295,Premium,0
Cust_475,48.19034410674535,7.780134701938695,Premium,0
Cust_476,8.715337890541157,2.141501754618948,Standard,0
Cust_477,46.97192714533649,0.5756083068388498,Standard,0
Cust_478,16.926205328740114,0.6427783865897105,Standard,0
Cust_479,56.69250440952178,0.4377148788642461,Premium,0
Cust_480,50.36602159808852,9.584861043346747,Premium,0
Cust_481,55.15618943798347,3.7855007543782055,Basic,0
Cust_482,44.36516741505315,8.309084274902322,Standard,0
Cust_483,34.54485981419686,5.48557749180014,Premium,0
Cust_484,47.096906549565595,9.898685246484776,Standard,0
Cust_485,2.20087277639674,3.017655929434326,Standard,0
Cust_486,8.944199711695024,2.4537303072815617,Premium,0
Cust_487,21.771078049450075,1.03075728811942,Premium,0
Cust_488,32.04544646478469,6.424604827197017,Premium,0
Cust_489,54.03282041406037,5.326248300873355,Premium,0
Cust_490,49.64350839789125,1.7776593159614893,Premium,0
Cust_491,22.865461750636978,6.401475131041937,Standard,0
Cust_492,40.0310209890248,5.999508566462322,Basic,0
Cust_493,4.67017500987234,0.667711153630726,Basic,0
Cust_494,16.539525661580257,5.140005081871503,Standard,0
Cust_495,35.83360378396395,9.31745150931102,Standard,0
Cust_496,49.78436666805478,2.430963278188646,Premium,0
Cust_497,8.112925388320017,7.295636366247335,Standard,1
Cust_498,26.049548297811782,4.654768063037398,Premium,0
Cust_499,18.520970117907055,4.927801116038187,Standard,0
Cust_500,26.20526040050654,2.9116022845560408,Premium,0
Cust_501,52.519347422794056,1.22494234836201,Premium,0
Cust_502,26.87322450654976,7.162535591781537,Basic,0
Cust_503,17.6471505294303,1.886326249643928,Standard,0
Cust_504,57.48840195606379,9.60653578784622,Standard,0
Cust_505,34.98620765842724,0.7054425057081973,Premium,0
Cust_506,53.169656752239106,6.148450839477378,Standard,0
Cust_507,2.0345924371937287,7.05957167046199,Basic,0
Cust_508,33.3597886196098,9.054379086996454,Premium,0
Cust_509,33.964679648447266,5.186513900872358,Premium,1
Cust_510,22.176097792603368,4.551017827933646,Standard,1
Cust_511,41.40816043357326,8.559776417023489,Standard,0
Cust_512,20.772027808577477,9.06188904054148,Standard,0
Cust_513,5.770737761171414,5.74444475576112,Standard,0
Cust_514,16.404530976691984,5.774385787468906,Standard,0
Cust_515,37.566650234586064,5.3815669011238745,Standard,0
Cust_516,14.874151444874462,4.294710513328004,Premium,0
Cust_517,51.46545245716462,2.70168561485676,Basic,0
Cust_518,56.121292355439,2.0556250689056563,Premium,0
Cust_519,42.54661498021285,1.4468808180256976,Premium,0
Cust_520,47.1247305241558,9.956871094338295,Standard,0
Cust_521,33.185711478950026,0.795704651024036,Basic,0
Cust_522,14.3541968589329,3.4429538305632237,Basic,0
Cust_523,19.015375128587447,4.434170979436312,Premium,0
Cust_524,7.4119203139163385,3.0194144801431224,Basic,1
Cust_525,15.467664330008244,6.345676209708116,Premium,0
Cust_526,53.512578084290276,2.9038992396662415,Premium,1
Cust_527,51.18759397771529,3.354368060833003,Basic,0
Cust_528,10.885133268156828,3.9207816402971627,Standard,1
Cust_529,39.81678152629791,8.550237023607924,Basic,0
Cust_530,52.736722342626884,1.5764557806963988,Basic,0
Cust_531,7.917168529241074,7.509514182360719,Basic,0
Cust_532,25.56657758471939,8.210909379966774,Premium,0
Cust_533,22.47543245362145,3.8481195399113948,Premium,0
Cust_534,16.384665581683432,0.4238675390518194,Premium,0
Cust_535,38.560524705981614,6.416382755198678,Premium,0
Cust_536,55.1128424524034,9.157931415131054,Standard,0
Cust_537,55.76930434209062,1.6366069349036505,Basic,0
Cust_538,56.31558882880329,2.272511354572439,Premium,1
Cust_539,51.67761732762167,0.6177941817400346,Standard,0
Cust_540,54.8229008948972,4.072701266832325,Premium,0
Cust_541,5.880985415169488,4.082434121989449,Premium,0
Cust_542,40.2519139871858,3.31417969117405,Premium,0
Cust_543,18.057585949057582,0.16478380630731865,Basic,0
Cust_544,38.04862458217252,7.8521028692969725,Basic,0
Cust_545,22.349173274517543,9.285904747646287,Premium,0
Cust_546,24.31547575694771,1.2702485608954641,Basic,0
Cust_547,12.438084491906812,7.502831908863271,Basic,0
Cust_548,54.802565528916645,5.279128528553327,Standard,0
Cust_549,35.252204144914224,5.066748640275451,Premium,0
Cust_550,20.620788694374518,7.115299230784522,Standard,0
Cust_551,10.196969929303696,8.997680864890478,Standard,0
Cust_552,47.67261587308531,3.8631309695934277,Basic,0
Cust_553,5.695020600989642,8.477900598710823,Premium,0
Cust_554,40.59094384859353,1.0193220186769587,Basic,0
Cust_555,54.07739937218771,8.369370365736474,Premium,0
Cust_556,6.6144219467979735,2.2581267281447315,Premium,0
Cust_557,19.684099439095043,1.5428889987136691,Standard,0
Cust_558,55.61266326206298,3.120650191276042,Basic,0
Cust_559,59.08551772897672,1.8008036370174727,Standard,1
Cust_560,9.442662706066166,2.2686130935736246,Premium,0
Cust_561,12.759058829010758,7.309454327155521,Basic,0
Cust_562,51.617277073986926,3.1959574322982194,Standard,0
Cust_563,35.860102572157956,9.501930411286592,Basic,0
Cust_564,49.78760189092687,5.958175897430082,Standard,0
Cust_565,22.67685700281605,7.441323433375322,Premium,1
Cust_566,15.919026485417165,4.234532748445768,Premium,0
Cust_567,57.33902415008005,7.756820616292406,Basic,0
Cust_568,5.250612530963405,2.5537216180302083,Standard,0
Cust_569,42.3013801784402,8.054862574921266,Standard,0
Cust_570,23.58280264054313,0.6658451695988438,Basic,0
Cust_571,17.995488025838046,5.763486240184135,Standard,0
Cust_572,55.29018277221627,0.7312056555516002,Premium,1
Cust_573,7.760042046909265,5.525230220493576,Standard,0
Cust_574,6.4369053357219785,8.395430483268067,Premium,1
Cust_575,21.66183978674641,0.4313913526935035,Standard,0
Cust_576,27.688575992962832,9.762921536033591,Basic,1
Cust_577,22.353278968840765,9.894803521168742,Basic,1
Cust_578,6.58838708233297,8.382134691861058,Premium,0
Cust_579,44.10761630848344,6.825264512674453,Standard,0
Cust_580,47.7475322909966,4.98350991032123,Basic,0
Cust_581,48.56197668299018,5.840449094718141,Standard,0
Cust_582,32.377620863768016,7.304717029429966,Standard,0
Cust_583,9.273647563275228,9.0825089171871,Basic,1
Cust_584,32.58131609975969,2.3796092604326695,Basic,0
Cust_585,50.779176424360465,2.6748086986926705,Standard,0
Cust_586,55.51620959361044,7.929662729429519,Basic,0
Cust_587,16.305244112948458,5.693148097568601,Premium,0
Cust_588,17.867279998034146,4.3502509997369305,Premium,0
Cust_589,13.57947779580295,8.620174215975602,Basic,0
Cust_590,35.2640973534957,8.914106214965111,Premium,0
Cust_591,44.729930003635225,8.97760247446901,Premium,0
Cust_592,10.243287042754538,8.944700839690066,Premium,0
Cust_593,42.116437337468724,1.665895389250887,Standard,0
Cust_594,57.5243364678,9.067663009131804,Premium,0
Cust_595,14.728817236800047,9.375736081658093,Basic,0
Cust_596,41.24512611147909,9.02108111179245,Basic,0
Cust_597,14.822848964305354,7.550605159990656,Premium,0
Cust_598,23.50252016094837,9.234490450076512,Standard,0
Cust_599,59.95252905682814,2.2482480142673045,Basic,0
Cust_600,52.566883571312864,7.000350954530018,Premium,0
Cust_601,29.791881188558712,4.513535675338891,Basic,0
Cust_602,55.17529314689379,0.42937635197552926,Standard,0
Cust_603,40.92231016982011,3.1342142392028944,Premium,0
Cust_604,17.054259796772282,8.680798167769797,Premium,0
Cust_605,3.971269463412649,1.8995451543481474,Premium,0
Cust_606,14.653853786742584,9.698551709548155,Premium,0
Cust_607,17.657401842966603,3.8211190997158484,Standard,0
Cust_608,30.370877904990273,5.227444014226166,Premium,0
Cust_609,43.676527378679914,4.58493644100644,Premium,0
Cust_610,32.636982299995594,3.518782760169976,Basic,0
Cust_611,55.53105851603978,1.3516477311158233,Premium,0
Cust_612,38.28879473068823,1.1090770323936419,Basic,0
Cust_613,53.678956785317524,2.7084414247131012,Standard,0
Cust_614,49.600823526597175,2.4884678826005038,Premium,0
Cust_615,20.74828082113738,2.8884289247383688,Basic,0
Cust_616,53.750224766381145,9.044643404884544,Basic,0
Cust_617,31.940354677410472,7.408075405893352,Premium,0
Cust_618,31.688559910549422,4.726017148216336,Basic,0
Cust_619,13.75557127104405,2.7414512033004956,Basic,0
Cust_620,57.431751381129885,9.4098103730366,Basic,0
Cust_621,46.468743237419666,9.14741069488333,Standard,0
Cust_622,7.430417198875838,8.68736221999104,Premium,0
Cust_623,15.125085651521092,0.9754997336039486,Basic,0
Cust_624,5.80993156431235,2.7810071637761564,Basic,0
Cust_625,24.98642965697111,9.01732856205871,Basic,0
Cust_626,14.795054047537388,1.1501582617042685,Premium,0
Cust_627,33.99273000701523,5.964376526454282,Basic,1
Cust_628,14.546088453098326,8.019443893573646,Standard,0
Cust_629,33.52210314520783,4.976087627758422,Standard,0
Cust_630,50.93228475866629,9.68995723488319,Basic,0
Cust_631,11.603324652389574,1.0891016924262424,Basic,1
Cust_632,17.478915422804477,6.580996708503755,Standard,0
Cust_633,43.30363149369283,1.6161046597782927,Basic,0
Cust_634,54.38412462118961,8.865969318463815,Basic,0
Cust_635,53.676661222185594,5.654403877774186,Basic,0
Cust_636,9.538078126490229,9.26741234481952,Standard,0
Cust_637,16.637542123586208,9.173782966635184,Basic,1
Cust_638,20.840943125784417,1.7690193799449623,Basic,0
Cust_639,59.399921243974724,4.641699303769505,Standard,0
Cust_640,44.36649002925993,5.724936488980687,Standard,1
Cust_641,55.48781042354311,5.464312474911461,Standard,0
Cust_642,39.16987543248164,6.009080217899683,Premium,0
Cust_643,20.74150477041298,6.566574094221944,Standard,0
Cust_644,5.9127930623779035,0.5935798793771814,Standard,1
Cust_645,25.76067836841875,9.1783272083916,Premium,0
Cust_646,31.64836203895583,4.3687998154378365,Premium,0
Cust_647,39.52865596633604,9.12906323075077,Standard,0
Cust_648,11.832336645123068,6.3975539580068235,Basic,0
Cust_649,19.867756537385826,6.529064718420514,Standard,0
Cust_650,35.41362523541082,5.136678903913183,Basic,0
Cust_651,5.9404326711754285,3.3306509669400786,Standard,0
Cust_652,52.483633769075084,7.169642154014563,Standard,0
Cust_653,45.80175468762638,9.29010219049575,Standard,0
Cust_654,46.69744978621302,3.9933823376550346,Basic,0
Cust_655,7.597689698330682,0.4995362957727316,Premium,0
Cust_656,57.968615600011056,6.345644342138617,Standard,0
Cust_657,43.80310552248296,4.402071858527193,Standard,0
Cust_658,25.842475491459467,9.942195334090727,Standard,0
Cust_659,31.6341811135497,5.296131433514906,Basic,0
Cust_660,35.99803786941733,7.781364829914634,Standard,0
Cust_661,42.35654858277748,5.315485132086263,Standard,0
Cust_662,57.45238691038163,2.9577284188163415,Basic,0
Cust_663,49.24018279848941,1.5189139566740029,Premium,0
Cust_664,55.34165725504699,0.6546126385515323,Basic,1
Cust_665,36.31827851292155,5.311249876895512,Basic,0
Cust_666,28.84379905146595,2.4328916796566795,Standard,0
Cust_667,42.79045823236187,8.860064314388723,Premium,0
Cust_668,5.914435174629158,4.662359911976956,Basic,0
Cust_669,44.61600442053958,5.875811293400545,Premium,0
Cust_670,50.34911825026659,8.45565309653965,Standard,0
Cust_671,37.20330058004682,0.9465178656878835,Premium,0
Cust_672,57.149110860386415,6.591004263602083,Premium,0
Cust_673,31.323888363808145,9.702619663707372,Standard,0
Cust_674,55.19897596473003,5.873830227156022,Basic,0
Cust_675,23.88240438220063,4.684029352911487,Standard,0
Cust_676,17.55804928456166,2.855562983257695,Premium,0
Cust_677,20.83987813158612,3.4684936382782237,Basic,0
Cust_678,18.68705017358069,9.277420747499525,Premium,0
Cust_679,13.92051390557728,2.092563828996076,Basic,1
Cust_680,31.025256555589316,4.249718113696477,Premium,0
Cust_681,27.254590467795158,6.756488486791734,Standard,0
Cust_682,8.933695118897521,7.239149381067925,Standard,0
Cust_683,40.65117642091447,1.9167042716269551,Standard,0
Cust_684,29.858123679640418,2.4890827550504353,Premium,0
Cust_685,49.597340571143484,5.8815793146300415,Basic,0
Cust_686,2.4012358985223594,7.5218063756191285,Basic,1
Cust_687,11.06557907753799,4.769161449781628,Premium,0
Cust_688,42.39716616092335,1.177025099873959,Basic,0
Cust_689,32.11720915787742,0.3012361138676353,Basic,0
Cust_690,11.49444990704338,9.284738241526753,Basic,0
Cust_691,36.57756214404479,6.133108519680282,Premium,0
Cust_692,24.199176953115565,4.882806728782421,Standard,0
Cust_693,17.52452543635679,8.312012913035376,Premium,0
Cust_694,50.392486080806464,0.40763564364582383,Premium,0
Cust_695,40.55540389122362,1.6776021063018194,Premium,0
Cust_696,11.904500665406598,3.362265301394855,Premium,0
Cust_697,27.76249304234362,5.279353452721229,Standard,0
Cust_698,38.498098800732194,6.400369037160922,Premium,0
Cust_699,26.905714989787757,7.282698184506291,Premium,0
Cust_700,18.731617020674076,9.795084920496832,Basic,0
Cust_701,49.24694831447973,0.4566217892618425,Basic,0
Cust_702,46.68971871950879,0.9359585468543778,Standard,0
Cust_703,29.95898635010987,5.113856596499917,Basic,1
Cust_704,40.78606631968803,4.105296620207877,Premium,0
Cust_705,53.71242487248498,0.4930758099837056,Basic,0
Cust_706,43.0108077072706,3.6155838236696307,Premium,0
Cust_707,29.497582599003554,2.2575466880565567,Basic,0
Cust_708,23.05172336331264,9.554271731795339,Premium,0
Cust_709,44.3551226814112,8.574534301941853,Basic,0
Cust_710,48.112930871774374,9.35220609323205,Standard,0
Cust_711,12.908034932989109,3.8302082531151505,Premium,0
Cust_712,33.77353011665936,5.304162830384781,Premium,0
Cust_713,34.7025633351646,2.5278191446556275,Basic,0
Cust_714,42.19936756100123,1.6873666101621427,Basic,0
Cust_715,57.67672920080359,6.359986872803593,Standard,0
Cust_716,33.0197742736946,7.521558725644689,Standard,1
Cust_717,34.75856596719855,6.163798522643389,Premium,0
Cust_718,47.863377257605244,2.996582543474672,Premium,0
Cust_719,45.59855432132179,0.36120851294846457,Premium,0
Cust_720,24.75705308745834,5.4578713340242935,Premium,1
Cust_721,27.725353464775072,9.36103211040687,Premium,0
Cust_722,23.838951144916336,5.007425355703024,Premium,0
Cust_723,44.637442736538986,6.922667630419192,Standard,0
Cust_724,59.09571542220294,6.348264153456418,Standard,0
Cust_725,58.054694974269786,1.7093225221138872,Basic,0
Cust_726,11.22358772470402,5.583009931198289,Standard,0
Cust_727,12.341619823067504,5.382265915424158,Standard,1
Cust_728,10.090615137897338,6.746741077127289,Basic,0
Cust_729,13.644593833900045,7.239588405629938,Basic,1
Cust_730,3.657250119359567,2.2319891881577543,Standard,0
Cust_731,27.871863935867534,1.0930781992609193,Basic,0
Cust_732,54.556337410798974,4.726609465808434,Premium,0
Cust_733,53.42335971103957,7.95306067119629,Basic,0
Cust_734,44.17918333085609,2.2398139504976,Premium,0
Cust_735,18.73730592558195,6.354684986518785,Standard,0
Cust_736,9.719056583888177,3.603785761886167,Standard,0
Cust_737,11.476625926947175,8.32535932958544,Premium,0
Cust_738,11.858302884308532,1.4890783022560505,Standard,0
Cust_739,9.783059812621294,9.737622390973105,Standard,1
Cust_740,54.987288334457816,8.93750601485358,Basic,0
Cust_741,20.021358081335542,9.555523144868044,Premium,0
Cust_742,55.28256311886802,5.913545077082033,Standard,0
Cust_743,53.599766620081034,5.953361779684766,Premium,0
Cust_744,34.669726779699985,7.733491563157097,Standard,0
Cust_745,35.098441508635375,4.766096315233717,Premium,0
Cust_746,45.18593276258478,6.567226683580577,Standard,0
Cust_747,12.34611751552803,6.190401151836245,Standard,0
Cust_748,26.947378573754495,5.649243781945747,Premium,1
Cust_749,46.295219698135504,4.801359349639276,Premium,0
Cust_750,20.94789644639374,8.84700462986172,Premium,1
Cust_751,18.316399464114166,2.523413746785284,Standard,0
Cust_752,2.7269090211384865,7.958929129171197,Basic,0
Cust_753,26.94425478615772,1.9336226169150919,Basic,0
Cust_754,54.60869971159798,4.322286913032474,Standard,0
Cust_755,37.88020372444164,2.2992210673960605,Premium,0
Cust_756,27.286236918490548,9.811767503813211,Basic,0
Cust_757,1.0254233736998521,4.106147430317153,Premium,0
Cust_758,27.6821554613234,5.8114291230849515,Standard,0
Cust_759,25.287021532310234,7.545199360686324,Premium,0
Cust_760,52.119542655596554,8.05255646451111,Premium,1
Cust_761,7.148596182813739,9.740732916605555,Standard,1
Cust_762,22.038644285347683,3.3531864308108505,Premium,0
Cust_763,9.437378520149748,8.891502615300102,Premium,0
Cust_764,30.323692587019128,1.9275812378047352,Basic,0
Cust_765,40.40271094982755,7.447875672264635,Standard,0
Cust_766,46.481838786571004,3.696054507910635,Basic,0
Cust_767,53.42698104119813,7.232733210155387,Basic,0
Cust_768,34.31659587374433,2.954740251303046,Standard,0
Cust_769,53.783950374276095,9.648832375456207,Premium,0
Cust_770,31.63212349855107,6.983593752667169,Standard,0
Cust_771,46.78409749025201,2.436111253445757,Basic,0
Cust_772,30.71735909055207,3.9514848579720456,Premium,0
Cust_773,25.0524052232197,7.163311266791882,Premium,0
Cust_774,23.342467117948075,2.825091293307196,Basic,0
Cust_775,14.559717601336702,6.5407492250192245,Premium,0
Cust_776,44.69416766433203,6.7592021758674,Standard,0
Cust_777,55.05366664053974,0.4008261384995333,Basic,0
Cust_778,7.1401253790083015,7.367811948711,Standard,1
Cust_779,19.75155879941874,3.573732575634652,Standard,1
Cust_780,2.61251732745482,3.309621255877712,Standard,0
Cust_781,34.355743211322824,0.5933224884307529,Premium,0
Cust_782,33.54887722170396,1.765840965950617,Standard,0
Cust_783,53.39572776546964,8.513228746613002,Premium,1
Cust_784,56.3275147624561,8.815278580226881,Basic,0
Cust_785,51.614615520493025,7.841755006628441,Premium,0
Cust_786,4.364672062066841,8.547064248443322,Basic,0
Cust_787,15.88143444783697,3.0245453994138143,Premium,0
Cust_788,29.164284228044128,6.365006166115553,Standard,0
Cust_789,3.8636994922519,0.5289318313777905,Premium,0
Cust_790,53.721536700381336,0.8769865532285651,Premium,0
Cust_791,52.76712353931735,0.3619380562646991,Standard,1
Cust_792,59.877841394809465,6.399090625462314,Basic,0
Cust_793,34.95704100137652,8.971718119220112,Premium,0
Cust_794,43.27512137961217,8.277203025669289,Basic,0
Cust_795,2.2251832953429544,2.760295573070836,Standard,0
Cust_796,24.870187810545104,9.071587366613976,Standard,0
Cust_797,34.54120231649748,2.9425222105013966,Standard,0
Cust_798,22.108963205387617,0.5714152209218183,Premium,0
Cust_799,20.493541888411162,5.55718132575857,Standard,0
Cust_800,20.380900197192066,1.378369915585171,Premium,0
Cust_801,29.813389743251822,0.6523509558459808,Basic,0
Cust_802,17.35260187433008,4.86234417373352,Basic,0
Cust_803,12.738508901463728,3.95058059405345,Premium,0
Cust_804,24.87840984741182,6.5529451007409625,Premium,0
Cust_805,37.199246932385854,9.46489370854605,Standard,0
Cust_806,29.623174164723086,3.1906002743112936,Basic,0
Cust_807,9.511183771146923,5.4233677145246935,Premium,1
Cust_808,30.488520572057908,0.1718471877772686,Premium,0
Cust_809,52.669171475735524,3.83894173417876,Premium,0
Cust_810,8.987597724421624,3.108638035417223,Basic,0
Cust_811,21.082231630058427,4.223253253234755,Premium,0
Cust_812,1.676128473558379,4.071909248519439,Standard,0
Cust_813,39.56597016144798,5.635258508698191,Premium,0
Cust_814,26.377993590246618,3.085654056855079,Standard,0
Cust_815,27.735529253710762,9.885401125375536,Standard,0
Cust_816,57.55637375509448,1.733384323488749,Basic,0
Cust_817,14.454149131487219,5.364979372015372,Standard,1
Cust_818,21.135008962427985,5.410594324913914,Basic,0
Cust_819,42.779384062138504,5.993446208721012,Basic,1
Cust_820,35.0904639967871,3.3714806101729478,Premium,0
Cust_821,42.167620271397396,7.726907263257531,Standard,0
Cust_822,44.223159731228776,4.430800882208036,Standard,0
Cust_823,16.688980012717174,1.788110505889546,Standard,0
Cust_824,18.96003487616764,0.8648876738083134,Standard,0
Cust_825,56.38434484140053,3.9171058909232226,Standard,0
Cust_826,25.18114183128543,0.7175305384311861,Basic,0
Cust_827,55.608160845589175,4.2655991648272575,Standard,0
Cust_828,42.97203119071885,0.7189303095627234,Standard,0
Cust_829,49.84054837130521,2.9716469912593975,Premium,0
Cust_830,42.100346032220024,3.2985896149677285,Standard,0
Cust_831,7.12781850180993,8.11697799114557,Basic,0
Cust_832,1.0858761421425696,2.151795948276207,Premium,0
Cust_833,47.13774574240266,5.09723695167599,Basic,0
Cust_834,59.213471259105276,5.7868671078761365,Premium,0
Cust_835,18.909688968999973,7.590244412200019,Basic,0
Cust_836,41.687020034001144,8.397775909260803,Basic,0
Cust_837,44.25488850067319,6.434152644277449,Premium,1
Cust_838,52.09569237857453,9.319567390326766,Standard,0
Cust_839,7.89057837872429,7.927708548501161,Basic,0
Cust_840,41.29890203023964,6.271966243340412,Standard,0
Cust_841,16.89890297176645,0.6108441862314746,Standard,0
Cust_842,55.88464427534415,0.7554513297535494,Basic,0
Cust_843,19.219029454386455,0.2362192278097041,Basic,0
Cust_844,26.651771818009458,9.442048423109322,Standard,0
Cust_845,47.49047723313807,4.0608161118874175,Standard,0
Cust_846,1.9671563209879213,8.203296635479157,Basic,0
Cust_847,4.385918772482148,1.7264152757907476,Standard,0
Cust_848,4.746721538453152,1.0715295435378371,Premium,0
Cust_849,10.707742421035272,4.558042569297653,Premium,0
Cust_850,12.695430835496165,2.326551338355041,Basic,0
Cust_851,50.236727963543586,9.535012642328901,Standard,0
Cust_852,11.86325165260208,4.203523109053537,Standard,0
Cust_853,26.760078238466978,2.5774362376883966,Standard,0
Cust_854,30.12100115449397,8.351900078973845,Standard,0
Cust_855,35.35593189309155,7.176219657651206,Premium,0
Cust_856,46.83875404498719,0.4161577253241273,Standard,1
Cust_857,51.70014276056085,3.313968246204353,Premium,0
Cust_858,7.6576897902982095,2.8359010310968427,Basic,1
Cust_859,54.9975291997258,5.778039096461189,Standard,0
Cust_860,16.88825090369594,2.5783956683748577,Standard,0
Cust_861,31.321356166065723,8.062077752758881,Standard,0
Cust_862,51.99550435882786,0.4195132910868906,Standard,1
Cust_863,9.981816858744123,1.0337810979672124,Premium,0
Cust_864,37.07278652739504,7.7747303324859365,Basic,0
Cust_865,2.215205587001874,4.418895949117224,Premium,0
Cust_866,48.929433943486515,9.429309185187993,Standard,0
Cust_867,43.24579075520267,2.480759162159332,Basic,0
Cust_868,39.85734642325325,5.614714675827566,Basic,1
Cust_869,18.25866079402976,1.903364458863065,Basic,0
Cust_870,29.568584088684055,2.341597049616714,Basic,0
Cust_871,17.89619436390722,6.554528980194037,Basic,0
Cust_872,4.918716807574651,5.360632221473618,Basic,0
Cust_873,26.100380477388207,2.3904862151379125,Premium,0
Cust_874,20.06248770332957,6.735012845234167,Standard,1
Cust_875,6.332231914773441,2.923310590280677,Standard,0
Cust_876,17.294675862843484,0.9994431285933506,Premium,0
Cust_877,43.514515104652226,8.276582984924431,Premium,0
Cust_878,35.4996628992311,3.2403081495976354,Premium,1
Cust_879,16.53300116749044,7.955864624158628,Basic,0
Cust_880,50.16995944612024,8.731433424499672,Premium,0
Cust_881,42.085052848728424,7.91757221313611,Premium,0
Cust_882,46.35285381394788,7.568150159711217,Premium,0
Cust_883,17.77107116867525,5.146684516489222,Basic,0
Cust_884,3.280686113566002,4.823519757439677,Basic,0
Cust_885,3.963126481559562,0.4086029519046245,Standard,0
Cust_886,6.688699665584278,4.464777465599489,Premium,0
Cust_887,18.47790155403299,3.741282395493801,Premium,0
Cust_888,29.86673945520213,7.961625422790773,Basic,0
Cust_889,5.360010726540086,8.119062303662743,Standard,1
Cust_890,59.96827911376129,9.054657431646609,Premium,0
Cust_891,31.281842276840866,8.764368146832119,Standard,0
Cust_892,5.827771361252219,2.781847150485018,Premium,0
Cust_893,44.962799938483464,5.3437764830914425,Premium,0
Cust_894,19.0331642931895,5.476396917264726,Standard,0
Cust_895,7.382219326939757,4.818987147250178,Standard,0
Cust_896,7.9742117326894295,7.737226825550229,Standard,0
Cust_897,20.037617388917603,4.772461576841373,Premium,0
Cust_898,55.007861321941796,8.039721150046626,Standard,0
Cust_899,29.375375301297346,0.30535628097341744,Basic,0
Cust_900,12.079838610014114,4.8412204860746995,Standard,0
Cust_901,44.735095807564505,2.9656269392210843,Standard,1
Cust_902,51.02922001536664,3.6401158261588447,Premium,0
Cust_903,11.80705331886705,5.390547951751598,Premium,0
Cust_904,45.285544545549854,5.823154126652289,Standard,0
Cust_905,44.19073201349271,7.630072981186421,Standard,0
Cust_906,12.092843181384564,6.934660454438801,Basic,0
Cust_907,18.51660173501099,3.580071093468337,Standard,0
Cust_908,54.663545314250115,4.833907902266422,Basic,1
Cust_909,36.77918167643103,9.347935314151965,Premium,0
Cust_910,3.5369906442770978,5.0102673678422915,Standard,0
Cust_911,51.727093065759846,3.278954856145051,Premium,0
Cust_912,56.706142073147575,7.910665062369913,Standard,0
Cust_913,4.2288868396568535,2.156149836880034,Basic,0
Cust_914,32.069634193255254,9.155129585637509,Premium,0
Cust_915,24.073820366019696,9.07456786661516,Basic,0
Cust_916,56.62619512398073,8.56237175236534,Premium,0
Cust_917,10.028879472827297,2.165378070892457,Basic,1
Cust_918,38.944733057429914,2.629325577603386,Standard,0
Cust_919,36.18798638812304,4.382765714091082,Premium,1
Cust_920,19.82296976398315,3.9377359495240847,Premium,0
Cust_921,15.826122163979548,0.4174184529443764,Premium,0
Cust_922,31.07812041150824,3.228693630871668,Premium,0
Cust_923,32.28095604429753,4.462467276914301,Standard,0
Cust_924,4.429570607798888,5.277165515073289,Premium,1
Cust_925,7.757697315758623,1.715761883435814,Basic,0
Cust_926,49.020657312434935,2.9758181363585736,Premium,0
Cust_927,34.65338159531364,7.481208518341247,Standard,0
Cust_928,39.37567626189232,1.1493476399505873,Basic,0
Cust_929,55.04584668801803,3.378243116615513,Standard,0
Cust_930,10.931706258968413,2.596096217310859,Premium,0
Cust_931,6.885277357423729,0.22008582053716066,Basic,1
Cust_932,24.575544683979516,6.282282476289641,Basic,0
Cust_933,5.467392752813187,6.530205329909033,Standard,0
Cust_934,2.0657305028541524,9.913531881111403,Basic,0
Cust_935,38.611231458868296,7.543506039076414,Premium,0
Cust_936,58.05061200968701,0.555924530151525,Premium,0
Cust_937,33.56495739004231,8.401508698837363,Premium,0
Cust_938,28.874925752014644,5.718956352496231,Basic,0
Cust_939,4.377362759366671,8.938489153688234,Standard,0
Cust_940,22.14062340643463,9.489917526901332,Premium,0
Cust_941,53.07739595203688,7.5571816278764565,Basic,0
Cust_942,17.504845859333457,9.650405943083614,Basic,0
Cust_943,18.493902283441557,1.969278702655145,Premium,0
Cust_944,3.087749768378335,7.11899058463834,Basic,0
Cust_945,47.37163795614828,4.096317933446907,Premium,0
Cust_946,50.34763888275669,1.7464109656592646,Premium,0
Cust_947,36.14584987059665,4.719089500704169,Standard,0
Cust_948,46.90803232412952,8.302378228091678,Standard,0
Cust_949,36.35512178492867,1.7043823019142985,Premium,0
Cust_950,23.762507095577813,8.880092505423052,Standard,1
Cust_951,6.557357011190462,4.760455136009112,Basic,0
Cust_952,36.87339749679885,5.199088109457717,Standard,0
Cust_953,39.65713159309389,0.2853846738705737,Premium,0
Cust_954,2.8091031485862055,3.0184728834307033,Standard,0
Cust_955,30.913819514465107,0.4671478278503175,Premium,0
Cust_956,23.3344347771648,1.7619494069229946,Premium,0
Cust_957,14.43521550640232,0.44544630571785604,Basic,1
Cust_958,30.883776218934468,8.459687043740766,Standard,0
Cust_959,59.8443815225376,5.124003021883367,Premium,1
Cust_960,23.46446666942586,3.190120842981772,Standard,1
Cust_961,21.172285860046536,1.794480576269071,Premium,0
Cust_962,42.1263955055704,5.512942010368518,Basic,0
Cust_963,36.74713560269543,2.0820528101732316,Premium,0
Cust_964,24.12136015192399,7.15358047855941,Basic,0
Cust_965,17.85533778415521,9.025578766037158,Standard,0
Cust_966,24.916595286065427,2.4278591091046584,Premium,0
Cust_967,55.8989435256861,9.564838543951499,Premium,1
Cust_968,40.518860963686656,8.771424642756855,Standard,1
Cust_969,36.36180822615314,8.417394452191333,Basic,1
Cust_970,9.166353028481062,1.1440322297269239,Premium,0
Cust_971,54.969947346552594,4.948931274072318,Standard,0
Cust_972,13.734178525003596,5.363696990664634,Premium,0
Cust_973,13.842142656998007,8.436484258472724,Standard,0
Cust_974,34.570614081320784,9.722139125628289,Standard,0
Cust_975,29.63021129259903,1.8932002706704028,Standard,0
Cust_976,53.656952363742796,5.042892806278628,Basic,0
Cust_977,25.326251038793067,1.54935818733806,Standard,0
Cust_978,7.088108953509133,3.768390449378908,Premium,0
Cust_979,55.02936584594019,5.8090541559171,Premium,0
Cust_980,47.4620772940967,3.716413843056809,Standard,1
Cust_981,12.1805050815436,9.780353100888227,Premium,0
Cust_982,18.093375851193816,0.9824645465666173,Premium,1
Cust_983,46.300390005825015,6.316828390581988,Premium,0
Cust_984,13.03737501405196,9.731536769709676,Basic,0
Cust_985,49.27953109886402,8.62525197965246,Standard,0
Cust_986,24.41054849365292,3.5712869201998956,Basic,1
Cust_987,1.1412393250630075,4.178956383291101,Premium,0
Cust_988,27.685811914562073,6.314162944917536,Standard,0
Cust_989,3.582118319807289,2.5816061691000916,Premium,0
Cust_990,59.34510432567483,1.5715971093969634,Basic,0
Cust_991,24.87541316845429,4.119093442098828,Standard,0
Cust_992,56.15314200719632,3.932654870999369,Standard,0
Cust_993,27.790469560199856,8.506027074604942,Basic,0
Cust_994,30.759272859777173,1.8769997990922618,Standard,0
Cust_995,4.1851154635500105,4.400843603804665,Standard,0
Cust_996,50.53694256427325,3.1729549221260847,Standard,0
Cust_997,8.040489798468473,6.4585270977838505,Basic,0
Cust_998,26.497585817610002,5.549045959703576,Premium,0
Cust_999,48.07070559079529,2.1402283678803715,Standard,1
Cust_1000,24.63288156837596,4.640451410785228,Premium,0
